temp,moisture,crop_type,soil_type,pump
26,0.4657001223188132,Soybean,Clayey,0
39,0.48083697808907355,Wheat,Loamy,1
34,0.9184547249393011,Corn,Clayey,1
30,0.5870682241365672,Barley,Clayey,0
27,0.03284667024343835,Soybean,Loamy,1
26,0.9127494628791288,Wheat,Loamy,1
38,0.2482264427571519,Soybean,Loamy,0
30,0.5776319540915472,Corn,Clayey,1
30,0.16551331742797382,Soybean,Loamy,1
23,0.033879160246594986,Barley,Sandy,1
27,0.3114731711327574,Corn,Clayey,0
22,0.7804957075460877,Soybean,Sandy,0
21,0.2775871726294181,Soybean,Loamy,1
31,0.22009721408109706,Corn,Sandy,0
25,0.21268078434122628,Corn,Sandy,1
21,0.5151736824068126,Soybean,Sandy,1
20,0.9755413156827563,Wheat,Sandy,1
31,0.45898898801701304,Soybean,Loamy,1
31,0.5573053688900479,Rice,Clayey,1
36,0.860632017890734,Soybean,Sandy,0
29,0.5350697189336586,Wheat,Loamy,1
35,0.1844628714188561,Barley,Clayey,0
34,0.29959591176647704,Wheat,Clayey,0
34,0.3099369262686109,Rice,Sandy,1
38,0.3973181154575979,Soybean,Clayey,1
31,0.4267889053367494,Soybean,Loamy,0
39,0.7997820220742694,Soybean,Loamy,0
22,0.349386999049333,Wheat,Loamy,0
24,0.46823182844137934,Corn,Loamy,1
38,0.6249759870510523,Barley,Loamy,0
26,0.3777259474401693,Rice,Loamy,1
28,0.8365648132923329,Barley,Sandy,1
26,0.5874536042340743,Corn,Clayey,1
37,0.29404467922097155,Soybean,Loamy,0
23,0.7140591997898282,Rice,Loamy,1
33,0.5276477301447858,Wheat,Clayey,1
37,0.5344558912572469,Corn,Clayey,1
28,0.48108794838758595,Corn,Loamy,1
21,0.497011948821249,Wheat,Sandy,1
39,0.7653562810662407,Barley,Clayey,0
34,0.10298147933131552,Barley,Clayey,1
26,0.3343628113104822,Corn,Clayey,1
31,0.07550336380388922,Wheat,Clayey,0
27,0.7532462207474508,Wheat,Clayey,1
34,0.27230185472029944,Wheat,Sandy,0
22,0.8974304098188842,Rice,Loamy,1
33,0.5265784666592938,Barley,Sandy,0
36,0.800749771486121,Soybean,Sandy,0
23,0.9789314356159612,Wheat,Sandy,1
37,0.8397888594565706,Soybean,Clayey,1
27,0.8669937600115235,Rice,Loamy,1
23,0.4079844953648447,Corn,Sandy,0
21,0.5517225952593398,Corn,Sandy,0
25,0.2538885640433043,Soybean,Sandy,0
29,0.1961130996934528,Barley,Loamy,1
23,0.5055078791060338,Wheat,Loamy,0
37,0.5950489797004206,Corn,Loamy,0
31,0.33927124589619095,Barley,Clayey,1
21,0.5694435177635003,Corn,Sandy,0
29,0.887460482513503,Barley,Clayey,0
23,0.5567215847833661,Barley,Loamy,1
33,0.7208130963105066,Wheat,Loamy,0
35,0.8053149673579051,Corn,Clayey,1
34,0.9887287819554428,Wheat,Clayey,1
27,0.6031974021769796,Corn,Loamy,1
33,0.806850148962586,Barley,Sandy,1
27,0.9626493185548747,Barley,Loamy,1
35,0.9444097255772734,Corn,Clayey,0
32,0.14108184877771357,Rice,Clayey,0
37,0.406392308273522,Barley,Sandy,1
34,0.3239900611067996,Corn,Loamy,1
32,0.08692501495034932,Wheat,Loamy,0
28,0.6332407749109605,Corn,Sandy,1
34,0.7359046131960023,Barley,Clayey,1
32,0.8481280954668835,Barley,Loamy,1
20,0.1227768896627085,Corn,Clayey,0
26,0.8764440758752938,Rice,Loamy,0
28,0.6429255636142532,Wheat,Sandy,1
20,0.7039461351385095,Rice,Sandy,1
31,0.9106240035403039,Barley,Loamy,0
27,0.6247612710432511,Corn,Loamy,0
30,0.3358658571498351,Rice,Clayey,1
38,0.8251073314226598,Barley,Clayey,1
36,0.3630592121950905,Soybean,Loamy,0
27,0.03422811082052912,Rice,Clayey,0
22,0.8306545065652498,Rice,Sandy,0
22,0.3451921448812756,Soybean,Sandy,1
20,0.7738345232013403,Barley,Loamy,0
24,0.36275789466594544,Barley,Loamy,1
29,0.8610680199747216,Wheat,Loamy,0
26,0.2195105250809587,Barley,Loamy,0
28,0.9745472651988699,Corn,Clayey,0
26,0.7797587747880308,Corn,Loamy,0
28,0.11423792592039683,Soybean,Loamy,1
27,0.5657766199665605,Soybean,Loamy,1
31,0.9853673122417347,Barley,Clayey,0
21,0.4710654526938144,Corn,Loamy,1
20,0.18210713882158325,Soybean,Sandy,0
35,0.48477836715034617,Rice,Clayey,0
24,0.5124576558819216,Soybean,Loamy,0
22,0.7416869442286655,Soybean,Loamy,0
31,0.6988458531609044,Soybean,Sandy,1
27,0.40255004359698054,Corn,Loamy,0
22,0.2180231074940865,Rice,Loamy,0
20,0.6450541677693294,Barley,Sandy,1
22,0.4217039345532818,Barley,Loamy,0
24,0.1322762111253304,Corn,Sandy,0
34,0.9005723012363857,Soybean,Clayey,0
33,0.6912218576096544,Rice,Clayey,1
22,0.6831838564454814,Rice,Clayey,0
20,0.8225838759116739,Corn,Clayey,1
24,0.5296616786550811,Corn,Sandy,0
33,0.8150544284024571,Wheat,Loamy,0
26,0.49809075351100573,Wheat,Loamy,1
28,0.06717539991571009,Corn,Loamy,0
34,0.40524808802768875,Corn,Clayey,0
34,0.4974648939798906,Rice,Clayey,1
29,0.7202025816322958,Corn,Sandy,1
32,0.10657873012867436,Corn,Loamy,1
38,0.140018538660449,Corn,Sandy,1
26,0.26368380263461644,Rice,Clayey,1
36,0.2664983933708822,Soybean,Sandy,0
39,0.7321845784590624,Soybean,Clayey,1
23,0.25073066056159776,Corn,Sandy,0
24,0.6330980633574476,Wheat,Clayey,0
26,0.4942738501382714,Rice,Clayey,0
32,0.5732943781794007,Barley,Clayey,1
34,0.8381069631782958,Corn,Clayey,1
30,0.4043815015490243,Corn,Clayey,0
23,0.7709113770642705,Barley,Sandy,1
32,0.42203605955068735,Soybean,Loamy,1
26,0.35387137656124945,Corn,Loamy,1
38,0.9586271773132206,Rice,Sandy,1
21,0.1843709206789632,Wheat,Sandy,0
29,0.09033696057760787,Corn,Sandy,0
32,0.7709859255354785,Barley,Loamy,1
25,0.06824970535409158,Soybean,Clayey,0
31,0.8370789907030294,Barley,Loamy,1
31,0.4371933963572435,Soybean,Loamy,1
39,0.915513677291914,Wheat,Loamy,0
30,0.7215328611219056,Barley,Loamy,0
26,0.6104046670079576,Barley,Loamy,0
20,0.9493067970577657,Wheat,Sandy,1
20,0.3966493730520543,Wheat,Sandy,0
39,0.9540869365396331,Rice,Sandy,1
32,0.13500127742120693,Barley,Clayey,0
28,0.48375494193241275,Corn,Loamy,0
22,0.2699112223921949,Barley,Clayey,1
26,0.5398427789081934,Soybean,Sandy,1
25,0.1620138778915846,Barley,Clayey,1
27,0.8415296603100434,Rice,Loamy,1
28,0.8464078493145573,Soybean,Sandy,1
24,0.955236312723479,Barley,Loamy,1
20,0.15467214088323622,Rice,Loamy,1
38,0.6233325509049907,Rice,Sandy,1
29,0.4742373087003696,Barley,Sandy,0
31,0.3443837320442332,Rice,Sandy,1
34,0.3515401611342188,Rice,Sandy,1
28,0.41279355060675227,Soybean,Loamy,0
39,0.704925549688953,Wheat,Loamy,1
36,0.5982860582681546,Wheat,Loamy,0
36,0.4596815127611311,Barley,Clayey,0
39,0.07593341036962209,Rice,Loamy,1
31,0.07776534407895708,Barley,Clayey,0
26,0.0023393906257782593,Rice,Loamy,1
21,0.9676993882070865,Wheat,Clayey,0
22,0.005253818558384915,Soybean,Sandy,0
36,0.10309374601374488,Rice,Loamy,0
24,0.3145965568094109,Rice,Clayey,1
36,0.8074302518167612,Wheat,Clayey,1
36,0.9620987857641177,Corn,Clayey,0
36,0.7900135587918561,Rice,Loamy,0
21,0.6905602324456406,Wheat,Loamy,1
21,0.5213006674135694,Rice,Clayey,1
24,0.0867052118621836,Corn,Sandy,0
20,0.9581707930039304,Barley,Loamy,0
20,0.7583924139456815,Rice,Loamy,1
38,0.6389493853342618,Rice,Loamy,1
21,0.7590358455388498,Wheat,Clayey,1
31,0.7241033292731386,Corn,Loamy,1
25,0.6372315797894869,Soybean,Loamy,1
23,0.9805768001799882,Rice,Clayey,0
30,0.9033638126360249,Barley,Clayey,1
36,0.6466649191171634,Rice,Clayey,0
25,0.6931752114569247,Wheat,Clayey,1
24,0.05159580665871,Wheat,Loamy,0
39,0.6699174645500392,Corn,Clayey,1
21,0.044165437710100175,Rice,Sandy,1
25,0.588263756969931,Rice,Loamy,0
30,0.9993534995658349,Rice,Sandy,0
35,0.5558065814371796,Soybean,Clayey,1
35,0.4732101180813334,Corn,Sandy,1
20,0.31285485650558753,Barley,Clayey,1
28,0.12052257878646444,Rice,Sandy,1
25,0.7310236714582816,Corn,Clayey,1
35,0.19259902778563043,Barley,Sandy,0
22,0.11528202124728437,Corn,Sandy,0
39,0.4217626597305125,Barley,Sandy,1
23,0.7953418379590974,Barley,Loamy,0
38,0.7450645481202204,Rice,Loamy,0
22,0.054882614646474925,Soybean,Loamy,0
38,0.4551436850361561,Soybean,Sandy,1
39,0.5224345760711689,Corn,Clayey,0
26,0.6445466506258222,Corn,Clayey,1
39,0.6501673504432282,Wheat,Sandy,0
28,0.36469724945730586,Barley,Clayey,1
20,0.560677194003514,Soybean,Sandy,0
27,0.48106188384408644,Barley,Clayey,1
26,0.8849983565232811,Rice,Loamy,1
37,0.5302651326349002,Barley,Sandy,0
27,0.4410321617481616,Wheat,Clayey,1
20,0.40448544968185074,Barley,Loamy,1
30,0.5724277594334657,Rice,Sandy,1
37,0.8039769794008976,Corn,Loamy,1
29,0.5384014903807876,Corn,Clayey,1
22,0.6616551750805415,Soybean,Sandy,1
26,0.737855766906525,Corn,Sandy,1
35,0.5201681098787319,Barley,Sandy,1
35,0.42681705665486436,Soybean,Loamy,0
39,0.8766653778624495,Corn,Sandy,0
36,0.41750608402789213,Soybean,Loamy,1
21,0.4619428505755876,Corn,Loamy,1
20,0.9903413133417771,Rice,Sandy,0
35,0.0002375235758845795,Soybean,Clayey,0
31,0.18547290957672247,Wheat,Clayey,0
24,0.38396388991972574,Rice,Loamy,1
24,0.9325899094252529,Barley,Clayey,0
28,0.07002970574747103,Corn,Clayey,1
28,0.009485433628498074,Wheat,Loamy,1
22,0.05268383597722859,Soybean,Sandy,0
38,0.08854341061361815,Wheat,Clayey,1
35,0.03759677320626087,Wheat,Clayey,1
35,0.47978132685650476,Rice,Clayey,1
22,0.5807572072273277,Corn,Clayey,1
39,0.2716869710690041,Rice,Clayey,0
20,0.39828738397563557,Rice,Sandy,0
39,0.09169933511143014,Wheat,Clayey,1
30,0.33637046382842206,Wheat,Loamy,1
36,0.5225191916345231,Corn,Clayey,0
27,0.7322718071846451,Soybean,Sandy,1
23,0.003346362042979223,Corn,Clayey,0
25,0.4673107665376526,Corn,Sandy,1
27,0.2970028764548822,Corn,Sandy,1
39,0.8528218216919013,Wheat,Clayey,0
22,0.7155533152342419,Barley,Clayey,0
35,0.5891085344708948,Soybean,Clayey,0
22,0.2772656456967736,Barley,Loamy,0
37,0.9103391020575343,Barley,Sandy,1
33,0.04510067722032318,Wheat,Sandy,0
37,0.10946759867911515,Soybean,Clayey,1
21,0.39163014054035605,Rice,Sandy,0
22,0.12443755729685635,Soybean,Loamy,0
35,0.956415697559425,Soybean,Sandy,1
28,0.7979893221433834,Soybean,Loamy,0
23,0.25898265160181366,Barley,Loamy,0
20,0.5885542289732454,Rice,Clayey,0
23,0.9823305150800816,Corn,Sandy,0
20,0.8841989781315029,Barley,Loamy,1
33,0.600798446442198,Soybean,Sandy,1
35,0.9037239671752705,Corn,Loamy,0
39,0.9891849098133589,Soybean,Clayey,0
27,0.7433528228936241,Soybean,Loamy,0
26,0.06498640948289403,Corn,Sandy,1
22,0.40158023642548746,Wheat,Loamy,1
36,0.8378257352832454,Soybean,Sandy,1
20,0.230569195805019,Corn,Sandy,1
35,0.8306425177506246,Soybean,Sandy,0
31,0.12033876203499594,Wheat,Loamy,0
38,0.046945357147813005,Corn,Clayey,0
33,0.38409061149124957,Barley,Clayey,1
25,0.036731937426613626,Corn,Clayey,0
25,0.9572702629833256,Corn,Loamy,1
32,0.8262056957939659,Corn,Sandy,1
38,0.8007696871298751,Rice,Sandy,0
27,0.6297779229961531,Rice,Clayey,0
21,0.21632402303655351,Barley,Loamy,0
20,0.5182603666763922,Barley,Sandy,1
34,0.597274072430341,Rice,Clayey,1
20,0.5250315008602682,Corn,Sandy,0
24,0.2602333679515273,Barley,Sandy,0
35,0.5152479243147259,Corn,Clayey,1
38,0.49118634086862656,Barley,Loamy,0
23,0.9963357758067243,Wheat,Sandy,1
22,0.8974361480462039,Soybean,Sandy,1
36,0.4633807482156199,Barley,Loamy,0
36,0.6229373829351187,Soybean,Clayey,0
31,0.7478716040922285,Soybean,Clayey,0
33,0.03486516023382491,Wheat,Clayey,0
25,0.8949214412278399,Corn,Sandy,1
22,0.8601268164179238,Barley,Loamy,1
28,0.4574320977737073,Soybean,Sandy,1
24,0.3911697660803798,Soybean,Sandy,0
36,0.27295937485631494,Wheat,Clayey,1
33,0.4766768283303684,Soybean,Clayey,0
22,0.04437666353323677,Barley,Clayey,0
20,0.8521935333470078,Rice,Sandy,0
39,0.03542236841854507,Rice,Loamy,0
20,0.329051365369871,Barley,Loamy,0
22,0.9315894883189899,Corn,Clayey,0
37,0.7352126545234527,Wheat,Loamy,1
29,0.28139096057752677,Barley,Sandy,0
22,0.2526490939608851,Rice,Sandy,1
27,0.005082139818025966,Corn,Clayey,1
33,0.6957142928497502,Soybean,Sandy,0
37,0.04878358167317309,Corn,Loamy,0
34,0.5326025194007621,Wheat,Sandy,0
21,0.9621219725920498,Barley,Clayey,1
29,0.10946886005445389,Barley,Sandy,0
21,0.8944799309680674,Soybean,Clayey,1
36,0.9914753351450482,Soybean,Loamy,0
27,0.06151702623923505,Rice,Clayey,0
20,0.8829062691374613,Corn,Clayey,1
28,0.5160790204436166,Barley,Loamy,1
30,0.90651371944458,Soybean,Clayey,0
35,0.5713189419195741,Wheat,Sandy,1
26,0.6621120101065646,Corn,Clayey,1
29,0.5437789079973993,Barley,Sandy,1
22,0.8644928803073485,Barley,Sandy,1
37,0.7339099189537017,Rice,Sandy,1
32,0.5212603121804149,Soybean,Sandy,0
26,0.8681608040515469,Barley,Sandy,0
23,0.24528553225533456,Barley,Loamy,1
32,0.15734065970252598,Soybean,Clayey,0
39,0.1604001053300721,Corn,Sandy,0
20,0.3340088787452379,Rice,Sandy,1
27,0.2386900313010175,Wheat,Loamy,0
33,0.9300903505097387,Corn,Clayey,1
35,0.105834093828584,Soybean,Loamy,1
33,0.6989907380395877,Rice,Loamy,0
31,0.1892215397850059,Rice,Loamy,1
38,0.8816371327703502,Corn,Clayey,1
34,0.9613152881849074,Wheat,Sandy,1
21,0.46547000876998357,Wheat,Loamy,1
21,0.8790714802281316,Corn,Clayey,1
38,0.005145170754714767,Rice,Sandy,0
36,0.8199469174081001,Rice,Loamy,0
39,0.22862516152492351,Corn,Sandy,1
29,0.9087013092693679,Corn,Sandy,1
25,0.001120111480109487,Soybean,Sandy,0
34,0.556181735039757,Corn,Clayey,1
30,0.7566358037849347,Soybean,Loamy,0
24,0.258688330697908,Rice,Loamy,1
20,0.19313286458729306,Wheat,Clayey,1
27,0.08409822446798465,Corn,Loamy,1
31,0.32643357650329297,Rice,Sandy,1
31,0.5598443123088295,Rice,Loamy,1
24,0.11584385678025766,Corn,Sandy,1
26,0.37669536198679876,Corn,Clayey,1
23,0.009072404652724964,Barley,Loamy,0
25,0.8186794204998418,Rice,Sandy,0
32,0.12844871809319136,Corn,Clayey,0
39,0.2833429482655816,Wheat,Loamy,1
34,0.01842771873821747,Barley,Sandy,1
22,0.4322407838925123,Wheat,Sandy,1
27,0.8401215027412188,Wheat,Clayey,1
39,0.3921512114451966,Soybean,Loamy,1
35,0.1794973234238334,Soybean,Sandy,1
32,0.7536988340505192,Wheat,Clayey,1
37,0.7888069818707443,Soybean,Loamy,0
29,0.1737534753075668,Wheat,Sandy,1
38,0.7708541085409898,Wheat,Loamy,0
36,0.947297888256338,Soybean,Clayey,0
38,0.16637758693227234,Wheat,Sandy,1
24,0.7709842925321355,Barley,Loamy,1
28,0.7085720046026294,Wheat,Loamy,0
31,0.4735738884350885,Corn,Clayey,0
20,0.05792046055879829,Corn,Loamy,1
20,0.07469441775785401,Soybean,Clayey,1
34,0.8524146591986477,Barley,Clayey,0
21,0.990148372750647,Corn,Sandy,1
35,0.6760522571867544,Corn,Sandy,1
27,0.44595830701032146,Wheat,Loamy,1
32,0.6475736434019076,Corn,Loamy,0
20,0.5943958592285453,Corn,Loamy,0
35,0.3836122604056218,Rice,Loamy,0
26,0.06562614457401295,Wheat,Clayey,1
24,0.821512947407441,Corn,Loamy,1
22,0.3718335292387246,Wheat,Loamy,0
31,0.8187856433570937,Soybean,Loamy,0
35,0.2525087496883822,Rice,Clayey,0
38,0.0010294798456333965,Soybean,Clayey,1
24,0.15893828327675652,Barley,Sandy,0
33,0.46853941676858435,Soybean,Clayey,0
24,0.9443036349578299,Corn,Loamy,1
34,0.10219361969371898,Wheat,Sandy,1
36,0.854209774461566,Barley,Clayey,1
33,0.5270240962118621,Rice,Sandy,0
39,0.8259207657998966,Wheat,Loamy,1
24,0.2983744309899926,Soybean,Loamy,1
31,0.8399471646724719,Corn,Sandy,0
35,0.7728227800168045,Rice,Sandy,1
35,0.23005368303143392,Corn,Loamy,0
26,0.13133512640937806,Wheat,Sandy,0
23,0.8680543225322929,Rice,Loamy,1
20,0.9632366534401319,Corn,Clayey,1
24,0.03130231374751624,Wheat,Sandy,1
29,0.7312700669736856,Rice,Loamy,1
24,0.9095245109478184,Barley,Loamy,1
23,0.8573600920924986,Corn,Loamy,1
21,0.9645204722702085,Barley,Sandy,0
39,0.7600940784380972,Soybean,Loamy,0
29,0.44229876238091026,Wheat,Clayey,1
38,0.31195199049513045,Barley,Clayey,0
20,0.32074274043812745,Corn,Loamy,1
24,0.724422672614117,Wheat,Clayey,0
32,0.7458370120309643,Rice,Sandy,0
23,0.20035914354871265,Wheat,Clayey,0
35,0.868122813490531,Corn,Clayey,1
35,0.7149240402022476,Soybean,Sandy,0
21,0.5627502863433826,Barley,Clayey,1
36,0.4715324601025127,Corn,Sandy,0
39,0.5432328057899581,Barley,Sandy,0
31,0.15924573827926447,Barley,Loamy,0
37,0.2037012492762742,Barley,Sandy,0
22,0.09116449040619168,Corn,Clayey,0
20,0.15365803816111268,Wheat,Loamy,1
20,0.45369363460528267,Corn,Sandy,1
38,0.5303543937282561,Corn,Clayey,0
30,0.017861892478319374,Rice,Loamy,0
24,0.7967978278640275,Rice,Clayey,0
31,0.2941679733434779,Corn,Sandy,0
22,0.9118360349599111,Wheat,Loamy,1
20,0.9675112636137777,Rice,Clayey,0
20,0.18545887467665434,Wheat,Sandy,1
27,0.46209729076566064,Barley,Loamy,0
29,0.0012318351664258875,Corn,Clayey,1
30,0.598327265122427,Rice,Clayey,0
31,0.6073064482626712,Corn,Sandy,0
32,0.24753995560337516,Rice,Sandy,1
31,0.5584126725831979,Soybean,Sandy,0
33,0.22554014244373544,Rice,Clayey,0
21,0.16082546907819006,Soybean,Clayey,0
38,0.6515194668022647,Wheat,Loamy,1
37,0.3259254639520749,Barley,Clayey,0
22,0.5902639388856225,Corn,Loamy,0
36,0.4332467489716556,Wheat,Sandy,1
27,0.9843514074029039,Corn,Sandy,1
29,0.14958064266756577,Wheat,Clayey,1
21,0.46459859663581016,Corn,Clayey,0
38,0.6804566263593252,Barley,Clayey,0
28,0.3955450838799687,Wheat,Clayey,0
26,0.9746998518706899,Soybean,Loamy,1
23,0.7218876279269351,Soybean,Loamy,0
37,0.6569838575644931,Rice,Clayey,0
32,0.7570592676112233,Rice,Sandy,1
30,0.952648638038717,Wheat,Sandy,1
23,0.9078186529846402,Soybean,Loamy,1
23,0.7242853081264119,Soybean,Sandy,1
29,0.7491616391012831,Barley,Sandy,1
24,0.14592207403514545,Rice,Clayey,0
28,0.10279240449266569,Rice,Loamy,1
22,0.5709045018441643,Corn,Loamy,0
36,0.01836763694054,Barley,Clayey,0
22,0.48235638155159155,Corn,Clayey,1
35,0.2103495799188686,Soybean,Clayey,1
23,0.34601656764483957,Corn,Clayey,1
37,0.7758047357929561,Wheat,Clayey,0
36,0.9412375042323865,Soybean,Sandy,1
26,0.0724162721463415,Rice,Loamy,1
24,0.5342422059764451,Corn,Sandy,1
31,0.8825334858196,Rice,Sandy,1
36,0.08250853444042128,Corn,Loamy,1
32,0.8245140468968338,Barley,Sandy,0
22,0.35780135092827137,Wheat,Sandy,0
28,0.32209470221933534,Barley,Clayey,0
36,0.9774663863147858,Wheat,Clayey,1
36,0.20085908986229417,Rice,Clayey,1
39,0.6931939408226809,Soybean,Clayey,1
35,0.8214407280098664,Corn,Clayey,0
32,0.041183495279271676,Rice,Clayey,1
38,0.6703854583544122,Wheat,Loamy,1
36,0.951549974355327,Soybean,Clayey,1
23,0.12421996672805935,Wheat,Sandy,0
31,0.8962213026850383,Barley,Sandy,1
28,0.5947766373769361,Wheat,Loamy,0
38,0.616604581862474,Barley,Clayey,1
31,0.6129441748656059,Soybean,Loamy,0
28,0.29883588633731384,Soybean,Clayey,0
26,0.9352018152994597,Corn,Loamy,0
33,0.9473504626310387,Corn,Clayey,1
39,0.6253046602139478,Wheat,Clayey,1
38,0.7834227259416147,Soybean,Loamy,0
34,0.612257985881158,Soybean,Clayey,0
35,0.4843984475740406,Soybean,Clayey,1
24,0.6608201182992507,Rice,Clayey,1
22,0.5530014525919584,Barley,Sandy,0
31,0.5974758626319301,Soybean,Clayey,1
39,0.7838325534188619,Wheat,Loamy,1
23,0.48090383144898485,Barley,Sandy,1
35,0.040754106092472764,Rice,Clayey,1
26,0.16399948098949724,Corn,Loamy,0
32,0.4386072164895384,Rice,Loamy,1
29,0.7248265598740583,Barley,Loamy,1
26,0.5932786483101787,Rice,Clayey,0
33,0.6502941858734539,Corn,Clayey,0
24,0.4792789285762873,Wheat,Loamy,1
22,0.6157420219422428,Barley,Loamy,1
30,0.3290174378146622,Rice,Clayey,1
30,0.47018259269666507,Wheat,Sandy,1
37,0.7442790655949556,Corn,Clayey,0
34,0.8718327789731212,Wheat,Sandy,0
31,0.4336553339563889,Wheat,Sandy,0
28,0.04366165770736119,Corn,Sandy,1
29,0.16167254414680265,Barley,Loamy,1
31,0.0208611392915381,Rice,Loamy,1
36,0.6532630192373301,Soybean,Sandy,1
25,0.3323146253551089,Corn,Sandy,0
26,0.5424786357193675,Soybean,Loamy,0
33,0.49327684678379957,Barley,Loamy,1
32,0.0815264895524267,Rice,Clayey,0
27,0.4032613611238318,Soybean,Sandy,1
29,0.22056112492232327,Wheat,Sandy,1
28,0.4183997886676527,Wheat,Sandy,0
37,0.20357828034224268,Corn,Clayey,1
21,0.8404524062769335,Corn,Sandy,1
24,0.17419333657825364,Barley,Sandy,0
24,0.9607805514869769,Wheat,Sandy,1
25,0.4159073661469408,Soybean,Clayey,1
38,0.8462452920190493,Corn,Sandy,0
27,0.6287648182059451,Corn,Sandy,1
35,0.7353502986657526,Corn,Loamy,0
32,0.7677238880667803,Soybean,Loamy,1
20,0.5048448818930178,Corn,Sandy,0
39,0.5433005233632884,Soybean,Loamy,0
36,0.513995867808725,Barley,Clayey,0
26,0.5880583780900792,Wheat,Loamy,1
32,0.029394445756507293,Corn,Sandy,0
23,0.39551516984901525,Rice,Loamy,0
23,0.6061887135611715,Wheat,Sandy,0
25,0.5977235652558643,Wheat,Clayey,0
38,0.7929560946056315,Soybean,Sandy,0
31,0.6550093388321085,Rice,Loamy,1
26,0.9921333163406724,Soybean,Loamy,1
29,0.283854528608645,Wheat,Clayey,1
38,0.35915102966623147,Rice,Sandy,1
26,0.3838471518677963,Barley,Loamy,1
22,0.4658128070202485,Wheat,Sandy,1
32,0.8359980637812094,Rice,Sandy,1
32,0.23579209395920986,Barley,Sandy,0
37,0.7760002070354295,Barley,Loamy,1
39,0.4053101830857434,Wheat,Clayey,0
27,0.6018553836620085,Soybean,Sandy,0
28,0.6325405332263061,Barley,Sandy,1
26,0.37284863718893446,Rice,Sandy,0
20,0.5126152052058052,Corn,Loamy,0
22,0.413031174647697,Soybean,Sandy,0
32,0.06913278618661944,Wheat,Loamy,0
36,0.43716538881682654,Barley,Clayey,1
20,0.09739339255355217,Barley,Loamy,1
25,0.4050207990803215,Corn,Loamy,1
25,0.5929183998317819,Corn,Loamy,1
31,0.5794148993435008,Corn,Loamy,1
32,0.6626212790083204,Wheat,Sandy,1
32,0.09526150795462629,Barley,Clayey,1
34,0.6521232455304379,Wheat,Sandy,1
35,0.3121480566964471,Rice,Sandy,1
30,0.3990459461371111,Barley,Sandy,1
24,0.8579862539227058,Soybean,Clayey,0
23,0.009030404129550251,Corn,Sandy,1
22,0.5884126333406055,Corn,Loamy,0
38,0.5987139801001076,Soybean,Loamy,0
39,0.396659776343562,Wheat,Sandy,0
37,0.23702785710833618,Soybean,Clayey,0
34,0.2346740382615511,Corn,Loamy,1
28,0.8837096696607526,Rice,Clayey,0
36,0.4420243737828575,Barley,Sandy,1
33,0.33088936298917193,Wheat,Loamy,1
34,0.44877757383140304,Corn,Sandy,0
20,0.6693904014593614,Soybean,Sandy,1
22,0.1457565682447517,Rice,Clayey,0
35,0.4494338352137377,Wheat,Sandy,0
30,0.5878843711103869,Soybean,Clayey,1
31,0.9485833548514337,Rice,Loamy,1
29,0.25252778207541926,Barley,Loamy,0
35,0.35925074791624556,Barley,Clayey,1
27,0.3793585899224238,Corn,Clayey,1
25,0.6055381576448828,Rice,Sandy,1
31,0.35673205304000166,Rice,Clayey,0
27,0.5335119252996956,Wheat,Loamy,0
23,0.7817903298450294,Rice,Sandy,1
27,0.7053855941122036,Soybean,Loamy,1
37,0.44636864651258557,Rice,Sandy,1
24,0.8642161776741689,Soybean,Clayey,1
28,0.5581402495938629,Corn,Sandy,1
23,0.5399058395022125,Rice,Clayey,0
36,0.03418776593915818,Corn,Sandy,1
28,0.9866929803571616,Rice,Loamy,0
20,0.12297080852962672,Wheat,Clayey,1
39,0.2311309124276466,Barley,Sandy,0
32,0.05169683724152696,Barley,Clayey,1
35,0.6400029668369137,Barley,Sandy,0
32,0.22470117697268,Barley,Sandy,1
33,0.1800104374727235,Wheat,Sandy,0
22,0.08855558422324139,Barley,Sandy,0
25,0.10330895712401567,Barley,Sandy,0
37,0.5846707004425887,Soybean,Sandy,0
38,0.6882078658665954,Rice,Loamy,0
24,0.397378988464401,Barley,Sandy,0
34,0.4798970815920732,Corn,Clayey,1
21,0.6859677359829841,Wheat,Loamy,0
29,0.017379790185479638,Wheat,Loamy,1
37,0.32313065707027855,Soybean,Loamy,1
32,0.9730977480703464,Soybean,Sandy,1
24,0.580112229695468,Soybean,Loamy,1
20,0.25422457989749325,Wheat,Loamy,1
20,0.5217300466362131,Wheat,Loamy,0
37,0.34265348812091534,Barley,Loamy,0
34,0.5322449888262991,Barley,Sandy,0
36,0.12574151180664883,Corn,Loamy,1
30,0.13271465381927738,Corn,Loamy,0
36,0.14354236203939286,Barley,Loamy,0
32,0.9398197919268417,Barley,Loamy,0
20,0.7328989183413418,Rice,Clayey,0
21,0.1623818946623209,Rice,Sandy,0
28,0.18834908376560144,Rice,Loamy,1
22,0.7308294748708763,Wheat,Clayey,0
20,0.15616384479217393,Barley,Loamy,1
35,0.23456129333482867,Wheat,Loamy,1
25,0.963346832820399,Soybean,Loamy,1
36,0.25530652472843185,Corn,Loamy,1
24,0.6616323503711468,Wheat,Clayey,1
24,0.9786312874005304,Barley,Loamy,0
25,0.37429676713979265,Wheat,Loamy,0
22,0.017515990862062236,Rice,Sandy,0
24,0.24414729042237426,Wheat,Sandy,1
24,0.8308771913417055,Rice,Loamy,0
29,0.8646088359550367,Barley,Loamy,0
29,0.7685193645237912,Corn,Clayey,1
38,0.11310981907657303,Wheat,Loamy,1
36,0.7955103716964032,Rice,Loamy,1
33,0.9186777969935043,Barley,Clayey,1
28,0.6006095425462361,Wheat,Loamy,0
33,0.9408753563380648,Rice,Sandy,1
20,0.8268388837118774,Rice,Sandy,1
38,0.6669715169909073,Corn,Clayey,0
32,0.5771852367117482,Rice,Loamy,0
32,0.3485736672419705,Wheat,Sandy,1
23,0.15928744524280514,Soybean,Sandy,0
20,0.6049539226905408,Rice,Sandy,1
36,0.3181115536181195,Barley,Sandy,1
27,0.8664386675276454,Wheat,Loamy,0
21,0.9933369373586285,Wheat,Clayey,0
27,0.7524277626155725,Rice,Loamy,1
26,0.09048169528705075,Soybean,Sandy,1
21,0.2886855955306381,Corn,Clayey,1
22,0.10910963176574973,Rice,Loamy,0
37,0.6505116477917158,Soybean,Sandy,1
31,0.7651908645557847,Soybean,Loamy,1
20,0.9256748308807118,Soybean,Clayey,1
31,0.43817234641198766,Corn,Clayey,1
24,0.9013756495884443,Wheat,Loamy,1
36,0.8778911590413275,Corn,Clayey,0
35,0.3171957167653986,Soybean,Sandy,1
34,0.868900625540571,Corn,Sandy,1
34,0.3756722518817265,Wheat,Clayey,1
24,0.2968692745602808,Barley,Clayey,1
33,0.6490746587943931,Soybean,Loamy,0
21,0.32838122788508106,Rice,Clayey,0
30,0.6302087483291442,Rice,Loamy,0
38,0.6098318054986945,Rice,Loamy,1
26,0.5634389273484588,Wheat,Loamy,1
25,0.3804197042327977,Barley,Sandy,0
21,0.5484997216514768,Wheat,Sandy,0
25,0.5964854749854216,Corn,Loamy,0
37,0.5456868884954734,Soybean,Loamy,1
21,0.44441945275120154,Rice,Loamy,1
37,0.01466705704626381,Barley,Sandy,0
34,0.587061707701151,Soybean,Sandy,0
38,0.16844438514271964,Barley,Clayey,0
21,0.6425759689471896,Rice,Clayey,1
39,0.759344327922866,Wheat,Sandy,1
25,0.5004453091307415,Corn,Sandy,1
20,0.5423636649797383,Soybean,Sandy,0
34,0.9514785596659912,Barley,Clayey,0
29,0.8471673613725742,Barley,Sandy,1
38,0.9142365159514699,Soybean,Clayey,0
36,0.8137662883195864,Corn,Sandy,1
24,0.10891834184673144,Soybean,Clayey,0
23,0.1489918559701947,Wheat,Loamy,0
29,0.5266237972689596,Wheat,Sandy,0
36,0.24606965879799825,Corn,Clayey,0
29,0.47669547504115917,Barley,Loamy,1
36,0.3943653238183502,Barley,Sandy,0
39,0.5494142384304533,Corn,Clayey,1
24,0.7468757161358227,Soybean,Sandy,1
21,0.7154909070992744,Soybean,Loamy,1
25,0.5212341324853343,Barley,Loamy,0
21,0.8223934188170581,Soybean,Loamy,1
32,0.43086209153803334,Corn,Loamy,1
30,0.8967142898401224,Wheat,Loamy,1
30,0.07128027005516391,Barley,Clayey,0
35,0.9546600300333075,Barley,Sandy,0
30,0.6546930814313482,Wheat,Loamy,1
38,0.3800745089372053,Rice,Sandy,0
34,0.19715412657287734,Soybean,Sandy,1
35,0.4791832294435999,Soybean,Loamy,1
30,0.19455832318530097,Wheat,Loamy,0
35,0.16633160774314215,Wheat,Loamy,1
27,0.6173517574129742,Wheat,Clayey,0
23,0.5230847245817847,Corn,Clayey,0
27,0.6700960346109417,Barley,Sandy,1
23,0.9296058774219892,Barley,Loamy,0
22,0.5322602133390402,Wheat,Loamy,0
22,0.5809320532627977,Corn,Sandy,1
37,0.08962633915494211,Soybean,Sandy,1
38,0.7176357859086295,Barley,Sandy,0
38,0.3999052068041562,Rice,Sandy,0
24,0.9767252386625789,Corn,Clayey,1
37,0.8231740155956603,Rice,Sandy,0
29,0.5224810405161183,Soybean,Sandy,0
25,0.12322265417216605,Corn,Sandy,0
20,0.8594157932805891,Corn,Loamy,0
24,0.7997810954240216,Soybean,Clayey,0
28,0.184585129537033,Soybean,Sandy,0
31,0.2952782892203101,Wheat,Loamy,0
33,0.7934072581478373,Soybean,Loamy,1
21,0.18522844654740966,Corn,Loamy,1
36,0.9177524891713773,Corn,Loamy,1
33,0.4245274251963619,Soybean,Sandy,1
32,0.08703896258765864,Wheat,Clayey,1
28,0.8157486435042809,Rice,Loamy,0
34,0.3735096830383876,Rice,Loamy,0
34,0.526499194153781,Soybean,Clayey,0
30,0.11230434441121917,Wheat,Sandy,0
35,0.002584014844982385,Corn,Clayey,1
36,0.6379852057932976,Corn,Loamy,0
23,0.5151751703337316,Rice,Clayey,0
20,0.5935385691231472,Barley,Loamy,1
27,0.7937438503805163,Soybean,Clayey,0
36,0.6466059134228601,Corn,Clayey,0
22,0.17477344282737717,Corn,Loamy,1
39,0.3607725191105998,Barley,Clayey,0
34,0.9058911047877604,Barley,Sandy,0
34,0.7699447002516789,Barley,Sandy,0
33,0.5566370579367172,Barley,Sandy,0
33,0.2556449978092723,Barley,Sandy,0
21,0.30206050183479505,Barley,Clayey,1
32,0.7319580675856345,Corn,Clayey,1
33,0.8511742608527708,Barley,Clayey,1
38,0.6714246695306144,Soybean,Clayey,1
26,0.8095299757684418,Soybean,Clayey,1
22,0.766656135200406,Barley,Sandy,1
34,0.14970396795695773,Soybean,Sandy,0
33,0.423944812913302,Barley,Loamy,1
30,0.15298380082856267,Corn,Sandy,1
34,0.2352355848019848,Rice,Sandy,0
32,0.8692596246510526,Barley,Loamy,0
37,0.47289196563318214,Barley,Clayey,1
25,0.5353581018426609,Wheat,Clayey,0
22,0.17844596522777212,Barley,Clayey,1
38,0.312271786048796,Wheat,Loamy,0
34,0.23024616842786993,Soybean,Loamy,1
24,0.20618616451842642,Barley,Sandy,0
29,0.6379607933159701,Soybean,Loamy,0
26,0.2568838476457148,Barley,Sandy,1
36,0.6320154860204185,Barley,Sandy,1
26,0.058454614108553904,Rice,Clayey,1
31,0.14177439352710186,Wheat,Clayey,1
36,0.2745402540001254,Rice,Loamy,1
32,0.5970469168956917,Soybean,Loamy,0
39,0.675841245087376,Corn,Clayey,1
23,0.4427169667795271,Wheat,Loamy,1
29,0.44579091457722897,Corn,Loamy,0
22,0.7245168513986181,Barley,Loamy,0
28,0.01582109176558244,Rice,Loamy,1
32,0.34109002447422054,Soybean,Sandy,0
37,0.8187070571192328,Wheat,Sandy,0
34,0.6032194102133722,Corn,Loamy,1
23,0.3372271327554204,Soybean,Sandy,0
34,0.9055247923296739,Rice,Loamy,0
21,0.7726227274493825,Wheat,Sandy,1
34,0.2648954472367334,Wheat,Sandy,1
27,0.6452898375257169,Rice,Loamy,0
27,0.5957507281889567,Wheat,Loamy,0
36,0.4011879140389827,Barley,Clayey,1
31,0.36695607920480067,Rice,Sandy,0
38,0.34356047477570395,Corn,Clayey,0
29,0.6171557833956468,Rice,Loamy,0
28,0.4424099364806695,Rice,Loamy,1
24,0.831863113251422,Rice,Clayey,0
25,0.6696026161339619,Wheat,Sandy,0
39,0.06993160570943413,Corn,Clayey,1
21,0.6401682238281661,Corn,Clayey,0
32,0.2711474365001848,Soybean,Sandy,0
25,0.5928119916534227,Soybean,Clayey,1
24,0.6801319311034514,Soybean,Loamy,1
20,0.23082918915401207,Corn,Sandy,1
25,0.45685864488036865,Barley,Clayey,1
25,0.1903248628190678,Wheat,Sandy,0
35,0.05233887578650831,Corn,Clayey,0
23,0.3784764234858691,Soybean,Clayey,1
30,0.362944271845992,Barley,Clayey,1
28,0.995480490704257,Corn,Loamy,0
22,0.44635235119764216,Barley,Clayey,1
38,0.3335695494722004,Rice,Clayey,0
27,0.5804750067166746,Barley,Clayey,1
24,0.08876739410776846,Wheat,Loamy,0
23,0.9616657359548132,Soybean,Loamy,1
25,0.6349600455910331,Barley,Sandy,1
21,0.7548378199408478,Soybean,Clayey,0
39,0.17047793817391754,Soybean,Clayey,1
30,0.4094778530052039,Corn,Loamy,0
23,0.42268911339618953,Wheat,Sandy,0
34,0.8218064439010868,Rice,Loamy,0
25,0.0012366797594094425,Rice,Loamy,0
36,0.30085310835325507,Rice,Sandy,0
25,0.9812363743443039,Barley,Loamy,1
38,0.4748865435062186,Wheat,Clayey,1
21,0.38252628024400825,Corn,Loamy,0
34,0.11982900201764635,Rice,Sandy,1
30,0.9741646286280156,Soybean,Clayey,0
27,0.02002635592582447,Soybean,Sandy,1
38,0.7371802250072431,Soybean,Sandy,1
32,0.7685998047885084,Soybean,Loamy,1
31,0.24365671606386663,Rice,Loamy,1
24,0.6715584436130373,Soybean,Clayey,0
25,0.09292914437938993,Wheat,Loamy,0
23,0.25704726643207987,Corn,Sandy,1
38,0.787901988292265,Wheat,Sandy,1
39,0.8646861920335402,Corn,Sandy,0
20,0.6084864126597913,Wheat,Clayey,1
39,0.5068384318204826,Rice,Sandy,0
36,0.1593040206189803,Rice,Loamy,0
31,0.06310903307915017,Wheat,Sandy,0
34,0.11764902847355863,Soybean,Sandy,1
20,0.22735730009609878,Wheat,Sandy,0
33,0.34167450189692083,Corn,Clayey,1
25,0.3809095255109872,Corn,Sandy,0
24,0.34632176858900354,Soybean,Sandy,1
30,0.2390553321972656,Barley,Sandy,1
23,0.5097242467516981,Wheat,Clayey,1
32,0.8252861082328968,Soybean,Clayey,0
30,0.2797035384714792,Corn,Sandy,0
22,0.9423870191022331,Rice,Loamy,1
20,0.8733366617238478,Wheat,Loamy,1
25,0.1617642113521096,Soybean,Clayey,1
37,0.7862759567570945,Rice,Sandy,0
29,0.5745873823177666,Wheat,Loamy,0
24,0.5665753621714186,Wheat,Clayey,0
29,0.3910427630581744,Rice,Loamy,0
31,0.5011529991820097,Barley,Loamy,1
21,0.39717877742921104,Soybean,Clayey,1
32,0.5397326187599428,Wheat,Sandy,0
27,0.6279500527726358,Rice,Clayey,0
21,0.6743038064090484,Barley,Sandy,1
39,0.5324811925594262,Barley,Loamy,0
20,0.7214220673287317,Corn,Clayey,0
24,0.1412780492755058,Soybean,Loamy,0
28,0.21198249090223853,Rice,Sandy,0
36,0.8187350040742701,Rice,Sandy,0
28,0.3225279778464152,Soybean,Loamy,0
30,0.022893824976120247,Corn,Loamy,1
34,0.1537911496680311,Wheat,Clayey,0
25,0.22361443449631124,Corn,Sandy,0
22,0.9573228878945872,Barley,Loamy,1
36,0.5730414289308493,Soybean,Clayey,1
24,0.9327307404762548,Rice,Loamy,1
31,0.5751633504966249,Rice,Sandy,0
37,0.4793544401378518,Rice,Loamy,1
33,0.31372769119409605,Wheat,Loamy,0
30,0.6063709444333756,Corn,Clayey,0
28,0.13919802461752984,Soybean,Loamy,0
21,0.898261627292706,Soybean,Clayey,1
31,0.8293324051412837,Rice,Loamy,1
22,0.31753144787673704,Corn,Loamy,1
22,0.9527975276012943,Corn,Sandy,1
20,0.8252007674155681,Barley,Sandy,1
27,0.6663068858350397,Barley,Sandy,0
27,0.12176191112527479,Wheat,Loamy,0
30,0.4782340230480723,Wheat,Sandy,0
28,0.5061075548467509,Soybean,Clayey,0
24,0.2325513583653801,Rice,Sandy,1
33,0.07996539435930194,Barley,Clayey,1
22,0.7767236304716927,Corn,Loamy,0
24,0.12203505212439503,Barley,Sandy,1
24,0.5942907505617747,Wheat,Clayey,1
38,0.9364491738836606,Barley,Loamy,0
33,0.8761051925980425,Barley,Sandy,0
23,0.27775262374926113,Barley,Sandy,1
32,0.8514486375512653,Rice,Clayey,1
29,0.0003325061204894064,Rice,Loamy,0
37,0.01768780961325722,Wheat,Clayey,0
27,0.602553163842865,Corn,Sandy,0
27,0.3647982191445295,Rice,Clayey,1
26,0.38646084115914714,Corn,Loamy,0
27,0.5644410906788825,Corn,Sandy,0
33,0.19178245559186058,Barley,Loamy,1
38,0.21175535066547835,Rice,Loamy,1
25,0.4846015870188647,Wheat,Clayey,1
20,0.754253544343863,Corn,Sandy,1
34,0.6194977514075877,Soybean,Sandy,1
20,0.2973550482368389,Soybean,Loamy,0
36,0.4303371775089212,Soybean,Clayey,0
20,0.1706647585499984,Barley,Loamy,1
34,0.07462981433708171,Wheat,Loamy,1
21,0.7826960407441492,Wheat,Sandy,1
33,0.2653874091881946,Corn,Loamy,1
27,0.1777663878512482,Rice,Clayey,1
27,0.6916180555693193,Wheat,Sandy,0
38,0.618051674287186,Rice,Clayey,0
26,0.6331896260134641,Wheat,Clayey,0
38,0.22889460484661361,Rice,Sandy,0
25,0.232645538562681,Wheat,Sandy,1
25,0.22080262978563914,Soybean,Sandy,0
22,0.1737525956622945,Wheat,Loamy,1
26,0.6557236725616563,Rice,Sandy,1
38,0.8480158852494014,Rice,Loamy,1
27,0.7243174696766612,Barley,Sandy,0
29,0.7920936337605432,Barley,Sandy,1
39,0.4047984290851998,Wheat,Sandy,0
34,0.6540757953719981,Barley,Sandy,0
34,0.35423624044477453,Corn,Loamy,1
20,0.52550462196864,Corn,Clayey,1
39,0.4816348465348623,Barley,Sandy,1
26,0.1768871451438544,Wheat,Loamy,0
23,0.3870787603356308,Rice,Clayey,1
25,0.963822275482351,Barley,Clayey,0
20,0.24858025771494208,Wheat,Clayey,1
24,0.13380373627948872,Barley,Sandy,1
20,0.4185806216239353,Corn,Loamy,0
23,0.7903377358601481,Soybean,Clayey,0
21,0.5821482297799723,Rice,Loamy,0
29,0.6809748272382445,Barley,Loamy,0
24,0.1896948481746772,Barley,Clayey,0
29,0.6189481930077215,Corn,Clayey,0
20,0.32350039491147375,Corn,Loamy,1
25,0.8343033659547675,Soybean,Loamy,1
32,0.6292988060107362,Rice,Sandy,0
34,0.1988562777752959,Barley,Clayey,1
23,0.06461667984408614,Corn,Sandy,0
32,0.042633209287032736,Soybean,Clayey,1
39,0.37140856765014074,Corn,Clayey,1
34,0.2658511366543135,Barley,Sandy,0
27,0.646090123462508,Corn,Sandy,0
24,0.4993338349786183,Wheat,Loamy,0
34,0.2660192780053807,Wheat,Clayey,1
23,0.14923777795017612,Barley,Sandy,0
31,0.1271997626874496,Wheat,Sandy,1
32,0.8646603921404177,Rice,Loamy,0
21,0.24347796840486724,Barley,Clayey,1
38,0.6517106479109683,Soybean,Sandy,1
38,0.8106859279862663,Soybean,Sandy,0
23,0.6140813111847361,Rice,Sandy,1
23,0.8595652316469458,Rice,Clayey,1
30,0.3923937215284745,Soybean,Clayey,0
24,0.9562221906489483,Barley,Loamy,1
39,0.13314500417809694,Barley,Loamy,0
30,0.1021495296575381,Corn,Clayey,0
29,0.6586921462074435,Corn,Loamy,0
27,0.9428311414132617,Rice,Loamy,0
25,0.8088834616363281,Soybean,Loamy,1
25,0.07641685943805143,Barley,Loamy,1
27,0.2793677139347164,Wheat,Sandy,1
34,0.9303188848378237,Soybean,Loamy,0
33,0.25305843280078455,Corn,Loamy,1
30,0.7811704237869193,Soybean,Clayey,1
31,0.8251321959287038,Wheat,Clayey,0
32,0.4954521034609818,Barley,Sandy,0
27,0.3863489098483155,Wheat,Sandy,1
37,0.45012443241975963,Corn,Clayey,0
20,0.22696469436536415,Barley,Clayey,0
34,0.8893909161288442,Corn,Clayey,0
27,0.4506196567297579,Soybean,Loamy,0
30,0.8824594404560998,Corn,Sandy,1
31,0.10569347990627409,Rice,Sandy,0
31,0.9882752710001314,Corn,Sandy,0
23,0.44327308744361826,Soybean,Clayey,0
35,0.04783082039410547,Corn,Sandy,0
23,0.038021848237454914,Barley,Loamy,0
24,0.7462072574818386,Wheat,Sandy,0
24,0.6590355342036808,Wheat,Sandy,0
27,0.8021305581275875,Soybean,Loamy,0
29,0.10536753395280596,Wheat,Sandy,1
36,0.03557086703554835,Soybean,Clayey,0
28,0.5085792894475785,Barley,Clayey,1
38,0.38759523148276953,Soybean,Clayey,0
33,0.46194693667095577,Barley,Sandy,0
27,0.991588408870274,Wheat,Loamy,0
28,0.9707499576706702,Corn,Loamy,0
30,0.9423153896731928,Barley,Loamy,1
20,0.7838426767676738,Wheat,Sandy,0
33,0.3548413602568904,Corn,Loamy,0
24,0.4121309302627716,Rice,Clayey,1
33,0.5496160437189245,Corn,Loamy,1
23,0.8305344564048399,Soybean,Clayey,0
20,0.06871283251826776,Rice,Clayey,1
38,0.4242968858848881,Barley,Loamy,1
27,0.08261766345926869,Barley,Clayey,1
34,0.5146575865735116,Barley,Loamy,0
34,0.8989008240062354,Soybean,Loamy,0
28,0.7824849245639379,Barley,Loamy,0
28,0.22784241754310997,Barley,Loamy,1
29,0.9759908495987925,Rice,Loamy,0
39,0.6673503980464284,Wheat,Loamy,1
28,0.010427699397403067,Soybean,Clayey,0
22,0.2554134846852195,Soybean,Loamy,0
39,0.26071329991991654,Rice,Clayey,1
30,0.06925430628585993,Rice,Loamy,0
25,0.959826518075929,Wheat,Sandy,1
21,0.47825529457592375,Rice,Clayey,1
